<?xml version="1.0" encoding="UTF-8"?>
<project-private xmlns="http://www.netbeans.org/ns/project-private/1">
    <editor-bookmarks xmlns="http://www.netbeans.org/ns/editor-bookmarks/2" lastBookmarkId="0"/>
    <open-files xmlns="http://www.netbeans.org/ns/projectui-open-files/2">
        <group>
            <file>file:/Users/Howtoon/Documents/Java_3/Project_2/Advanced_Project_2/src/advanced_project_2/Dictionary.java</file>
            <file>file:/Users/Howtoon/Documents/Java_3/Project_2/Advanced_Project_2/src/advanced_project_2/GameController.java</file>
            <file>file:/Users/Howtoon/Documents/Java_3/Project_2/Advanced_Project_2/src/advanced_project_2/Client.java</file>
            <file>file:/Users/Howtoon/Documents/Java_3/Project_2/Advanced_Project_2/src/advanced_project_2/Trie.java</file>
        </group>
    </open-files>
</project-private>
