<?xml version="1.0" encoding="UTF-8"?>
<project-private xmlns="http://www.netbeans.org/ns/project-private/1">
    <editor-bookmarks xmlns="http://www.netbeans.org/ns/editor-bookmarks/2" lastBookmarkId="0"/>
    <open-files xmlns="http://www.netbeans.org/ns/projectui-open-files/2">
        <group>
            <file>file:/Users/Howtoon/Documents/Java_3/Advanced_Project_3/src/advanced_project_3/Player.java</file>
            <file>file:/Users/Howtoon/Documents/Java_3/Advanced_Project_3/src/advanced_project_3/Room.java</file>
            <file>file:/Users/Howtoon/Documents/Java_3/Advanced_Project_3/src/advanced_project_3/Client.java</file>
            <file>file:/Users/Howtoon/Documents/Java_3/Advanced_Project_3/src/advanced_project_3/GameController.java</file>
            <file>file:/Users/Howtoon/Documents/Java_3/Advanced_Project_3/src/advanced_project_3/Maze.java</file>
        </group>
    </open-files>
</project-private>
